{
    "2015-05-05-run_005.timetag": {
        "exclude": {
            "buffer": 0.2, 
            "threshold": 940.0, 
            "intervals": [
                [
                    8.9000000000000004, 
                    9.5
                ], 
                [
                    389.59999999999997, 
                    390.0
                ], 
                [
                    514.69999999999993, 
                    515.10000000000002
                ], 
                [
                    690.79999999999995, 
                    691.19999999999993
                ], 
                [
                    816.79999999999995, 
                    817.19999999999993
                ], 
                [
                    1055.8999999999999, 
                    1056.3
                ], 
                [
                    1208.0999999999999, 
                    1208.5
                ], 
                [
                    1509.0, 
                    1509.3999999999999
                ], 
                [
                    1655.1999999999998, 
                    1655.5999999999999
                ], 
                [
                    2320.1999999999998, 
                    2320.7999999999997
                ], 
                [
                    2368.9000000000001, 
                    2369.4000000000001
                ], 
                [
                    2420.1999999999998, 
                    2420.5999999999999
                ], 
                [
                    2711.7999999999997, 
                    2712.1999999999998
                ]
            ], 
            "threshold-factor": 20.0
        }
    }
}